media_type,name
könyv,???
könyv,???
könyv,???
könyv,???
könyv,???
könyv,???
könyv,???
könyv,???
könyv,???
könyv,???
könyv,???
könyv,???
könyv,???
könyv,???
könyv,???
könyv,???
könyv,???
könyv,???
könyv,???
könyv,???
könyv,???
könyv,???
könyv,???
könyv,???
könyv,???
könyv,???
könyv,???
könyv,???
könyv,???
könyv,???
könyv,???
könyv,???
könyv,???
könyv,???
könyv,???
könyv,???
könyv,???
könyv,???
könyv,???
könyv,???
könyv,???
könyv,???
könyv,???
könyv,???
könyv,???
könyv,???
könyv,???
könyv,???
könyv,???
könyv,???
könyv,???
könyv,???
könyv,???
könyv,???
könyv,Felnőtt szépirodalmi
könyv,Felnőtt szépirodalmi
könyv,Felnőtt szakirodalmi
könyv,Felnőtt szépirodalmi
könyv,Felnőtt szépirodalmi
könyv,Felnőtt szépirodalmi
könyv,Felnőtt szépirodalmi
könyv,Felnőtt szakirodalmi
könyv,Felnőtt szakirodalmi
könyv,Felnőtt szépirodalmi
könyv,???
könyv,???
könyv,???
könyv,???
könyv,???
könyv,???
könyv,???
könyv,???
könyv,???
könyv,???
könyv,???
könyv,???
könyv,???
könyv,???
könyv,???
könyv,???
könyv,???
könyv,???
könyv,???
könyv,???
könyv,???
könyv,???
könyv,???
könyv,???
könyv,???
könyv,???
könyv,???
könyv,???
könyv,???
könyv,???
könyv,???
könyv,???
könyv,???
könyv,???
könyv,???
könyv,???
könyv,???
könyv,???
könyv,???
könyv,???
könyv,???
könyv,???
könyv,???
könyv,???
könyv,???
könyv,???
könyv,???
könyv,???
könyv,???
könyv,???
könyv,???
könyv,???
könyv,???
könyv,???
könyv,???
könyv,???
könyv,???
könyv,???
könyv,???
könyv,???
könyv,???
könyv,???
könyv,???
könyv,???
könyv,???
könyv,???
könyv,???
könyv,???
könyv,???
könyv,???
könyv,???
könyv,???
könyv,???
könyv,???
könyv,???
könyv,???
könyv,???
könyv,???
könyv,???
könyv,???
könyv,???
könyv,???
könyv,???
könyv,???
könyv,???
könyv,???
könyv,???
könyv,???
könyv,???
könyv,???
könyv,???
könyv,???
könyv,???
könyv,???
könyv,???
könyv,???
könyv,???
könyv,???
könyv,???
könyv,???
könyv,???
könyv,???
könyv,???
könyv,???
könyv,???
könyv,???
könyv,???
könyv,???
könyv,???
könyv,???
könyv,???
könyv,???
könyv,???
könyv,???
könyv,???
könyv,???
könyv,???
könyv,???
könyv,???
könyv,???
könyv,???
könyv,???
könyv,???
könyv,???
könyv,???
könyv,???
könyv,???
könyv,???
könyv,???
könyv,???
könyv,???
könyv,???
könyv,???
könyv,???
könyv,???
könyv,???
könyv,???
könyv,???
könyv,???
könyv,???
könyv,???
könyv,???
könyv,???
könyv,???
könyv,???
könyv,???
könyv,???
könyv,???
könyv,???
könyv,???
könyv,???
könyv,???
könyv,???
könyv,???
könyv,???
könyv,???
könyv,???
könyv,???
könyv,???
könyv,???
könyv,???
könyv,???
könyv,???
könyv,???
könyv,???
könyv,???
könyv,???
könyv,???
könyv,???
könyv,???
könyv,???
könyv,???
könyv,???
könyv,???
könyv,???
könyv,???
könyv,???
könyv,???
könyv,???
könyv,???
könyv,???
könyv,???
könyv,???
könyv,???
könyv,???
könyv,???
könyv,???
könyv,???
könyv,???
könyv,???
könyv,???
könyv,???
könyv,???
könyv,???
könyv,???
könyv,???
könyv,???
könyv,???
könyv,???
könyv,???
könyv,???
könyv,???
könyv,???
könyv,???
könyv,???
könyv,???
könyv,???
könyv,???
könyv,???
könyv,???
könyv,???
könyv,???
könyv,???
könyv,???
könyv,???
könyv,???
könyv,???
könyv,???
könyv,???
könyv,???
könyv,???
könyv,???
könyv,???
könyv,???
könyv,???
könyv,???
könyv,???
könyv,???
könyv,???
könyv,???
könyv,???
könyv,???
könyv,???
könyv,???
könyv,???
könyv,???
könyv,???
könyv,???
könyv,???
könyv,???
könyv,???
könyv,???
könyv,???
könyv,???
könyv,???
könyv,???
könyv,???
könyv,???
könyv,???
könyv,???
könyv,???
könyv,???
könyv,???
könyv,???
könyv,???
könyv,???
könyv,???
könyv,???
könyv,???
könyv,???
könyv,???
könyv,???
könyv,???
könyv,???
könyv,???
könyv,???
könyv,???
könyv,???
könyv,???
könyv,???
könyv,???
könyv,???
könyv,???
könyv,???
könyv,???
könyv,???
könyv,???
könyv,???
könyv,???
könyv,???
könyv,???
könyv,???
könyv,???
könyv,???
könyv,???
könyv,???
könyv,???
könyv,???
könyv,???
könyv,???
könyv,???
könyv,???
könyv,???
könyv,???
könyv,???
könyv,???
könyv,???
könyv,???
könyv,???
könyv,???
könyv,???
könyv,???
könyv,???
könyv,???
könyv,???
könyv,???
könyv,???
könyv,???
könyv,???
könyv,???
könyv,???
könyv,???
könyv,???
könyv,???
könyv,???
könyv,???
könyv,???
könyv,???
könyv,???
könyv,???
könyv,???
könyv,???
könyv,???
könyv,???
könyv,???
könyv,???
könyv,???
könyv,???
könyv,???
könyv,???
könyv,???
könyv,???
könyv,???
könyv,???
könyv,???
könyv,???
könyv,???
könyv,???
könyv,???
könyv,???
könyv,???
könyv,???
könyv,???
könyv,???
könyv,???
könyv,???
könyv,???
könyv,???
könyv,???
könyv,???
könyv,???
könyv,???
könyv,???
könyv,???
könyv,???
könyv,???
könyv,???
könyv,???
könyv,???
könyv,???
könyv,???
könyv,???
könyv,???
könyv,???
könyv,???
könyv,???
könyv,???
könyv,???
könyv,???
könyv,???
könyv,???
könyv,???
könyv,???
könyv,???
könyv,???
könyv,???
könyv,???
könyv,???
könyv,???
könyv,???
könyv,???
könyv,???
könyv,???
könyv,???
könyv,???
könyv,???
könyv,???
könyv,???
könyv,???
könyv,???
könyv,???
könyv,???
könyv,???
könyv,???
könyv,???
könyv,???
könyv,???
könyv,???
könyv,???
könyv,???
könyv,???
könyv,???
könyv,???
könyv,???
könyv,???
könyv,???
könyv,???
könyv,???
könyv,???
könyv,???
könyv,???
könyv,???
könyv,???
könyv,???
könyv,???
könyv,???
könyv,???
könyv,???
könyv,???
könyv,???
könyv,???
könyv,???
könyv,???
könyv,???
könyv,???
könyv,???
könyv,???
könyv,???
könyv,???
könyv,???
könyv,???
könyv,???
könyv,???
könyv,???
könyv,???
könyv,???
könyv,???
könyv,???
könyv,???
könyv,???
könyv,???
könyv,???
könyv,???
könyv,???
könyv,???
könyv,???
könyv,???
könyv,???
könyv,???
könyv,???
könyv,???
könyv,???
könyv,???
könyv,???
könyv,???
könyv,???
könyv,???
könyv,???
könyv,???
könyv,???
könyv,???
könyv,???
könyv,???
könyv,???
könyv,???
könyv,???
könyv,???
könyv,???
könyv,???
könyv,???
könyv,???
könyv,???
könyv,???
könyv,???
könyv,???
könyv,???
könyv,???
könyv,???
könyv,???
könyv,???
könyv,???
könyv,???
könyv,???
könyv,???
könyv,???
könyv,???
könyv,???
könyv,???
könyv,???
könyv,???
könyv,???
könyv,???
könyv,???
könyv,???
könyv,???
könyv,???
könyv,???
könyv,???
könyv,???
könyv,???
könyv,???
könyv,???
könyv,???
könyv,???
könyv,???
könyv,???
könyv,???
könyv,???
könyv,???
könyv,???
könyv,???
könyv,???
könyv,???
könyv,???
könyv,???
könyv,???
könyv,???
könyv,???
könyv,???
könyv,???
könyv,???
könyv,???
könyv,???
könyv,???
könyv,???
könyv,???
könyv,???
könyv,???
könyv,???
könyv,???
könyv,???
könyv,???
könyv,???
könyv,???
könyv,???
könyv,???
könyv,???
könyv,???
könyv,???
könyv,???
könyv,???
könyv,???
könyv,???
könyv,???
könyv,???
könyv,???
könyv,???
könyv,???
könyv,???
könyv,???
könyv,???
könyv,???
könyv,???
könyv,???
könyv,???
könyv,???
könyv,???
könyv,???
könyv,???
könyv,???
könyv,???
könyv,???
könyv,???
könyv,???
könyv,???
könyv,???
könyv,???
könyv,???
könyv,???
könyv,???
könyv,???
könyv,???
könyv,???
könyv,???
könyv,???
könyv,???
könyv,???
könyv,???
könyv,???
könyv,???
könyv,???
könyv,???
könyv,???
könyv,???
könyv,???
könyv,???
könyv,???
könyv,???
könyv,???
könyv,???
könyv,???
könyv,???
könyv,???
könyv,???
könyv,???
könyv,???
könyv,???
könyv,???
könyv,???
könyv,???
könyv,???
könyv,???
könyv,???
könyv,???
könyv,???
könyv,???
könyv,???
könyv,???
könyv,???
könyv,???
könyv,???
könyv,???
könyv,???
könyv,???
könyv,???
könyv,???
könyv,???
könyv,???
könyv,???
könyv,???
könyv,???
könyv,???
könyv,???
könyv,???
könyv,???
könyv,???
könyv,???
könyv,???
könyv,???
könyv,???
könyv,???
könyv,???
könyv,???
könyv,???
könyv,???
könyv,???
könyv,???
könyv,???
könyv,???
könyv,???
könyv,???
könyv,???
könyv,???
könyv,???
könyv,???
könyv,???
könyv,???
könyv,???
könyv,???
könyv,???
könyv,???
könyv,???
könyv,???
könyv,???
könyv,???
könyv,???
könyv,???
könyv,???
könyv,???
könyv,???
könyv,???
könyv,???
könyv,???
könyv,???
könyv,???
könyv,???
könyv,???
könyv,???
könyv,???
könyv,???
könyv,???
könyv,???
könyv,???
könyv,???
könyv,???
könyv,???
könyv,???
könyv,???
könyv,???
könyv,???
könyv,???
könyv,???
könyv,???
könyv,???
könyv,???
könyv,???
könyv,???
könyv,???
könyv,???
könyv,???
könyv,???
könyv,???
könyv,???
könyv,???
könyv,???
könyv,???
könyv,???
könyv,???
könyv,???
könyv,???
könyv,???
könyv,???
könyv,???
könyv,???
könyv,???
könyv,???
könyv,???
könyv,???
könyv,???
könyv,???
könyv,???
könyv,???
könyv,???
könyv,???
könyv,???
könyv,???
könyv,???
könyv,???
könyv,???
könyv,???
könyv,???
könyv,???
könyv,???
könyv,???
könyv,???
könyv,???
könyv,???
könyv,???
könyv,???
könyv,???
könyv,???
könyv,???
könyv,???
könyv,???
könyv,???
könyv,???
könyv,???
könyv,???
könyv,???
könyv,???
könyv,???
könyv,???
könyv,???
könyv,???
könyv,???
könyv,???
könyv,???
könyv,???
könyv,???
könyv,???
könyv,???
könyv,???
könyv,???
könyv,???
könyv,???
könyv,???
könyv,???
könyv,???
könyv,???
könyv,???
könyv,???
könyv,???
könyv,???
könyv,???
könyv,???
könyv,???
könyv,???
könyv,???
könyv,???
könyv,???
könyv,???
könyv,???
könyv,???
könyv,???
könyv,???
könyv,???
könyv,???
könyv,???
könyv,???
könyv,???
könyv,???
könyv,???
könyv,???
könyv,???
könyv,???
könyv,???
könyv,???
könyv,???
könyv,???
könyv,???
könyv,???
könyv,???
könyv,???
könyv,???
könyv,???
könyv,???
könyv,???
könyv,???
könyv,???
könyv,???
könyv,???
könyv,???
könyv,???
könyv,???
könyv,???
könyv,???
könyv,???
könyv,???
könyv,???
könyv,???
könyv,???
könyv,???
könyv,???
könyv,???
könyv,???
könyv,???
könyv,???
könyv,???
könyv,???
könyv,???
könyv,???
könyv,???
könyv,???
könyv,???
könyv,???
könyv,???
könyv,???
könyv,???
könyv,???
könyv,???
könyv,???
könyv,???
könyv,???
könyv,???
könyv,???
könyv,???
könyv,???
könyv,???
könyv,???
könyv,???
könyv,???
könyv,???
könyv,???
könyv,???
könyv,???
könyv,???
könyv,???
könyv,???
könyv,???
könyv,???
könyv,???
könyv,???
könyv,???
könyv,???
könyv,???
könyv,???
könyv,???
könyv,???
könyv,???
könyv,???
könyv,???
könyv,???
könyv,???
könyv,???
könyv,???
könyv,???
könyv,???
könyv,???
könyv,???
könyv,???
könyv,???
könyv,???
könyv,???
könyv,???
könyv,???
könyv,???
könyv,???
könyv,???
könyv,???
könyv,???
könyv,???
könyv,???
könyv,???
könyv,???
könyv,???
könyv,???
könyv,???
könyv,???
könyv,???
könyv,???
könyv,???
könyv,???
könyv,???
könyv,???
könyv,???
könyv,???
könyv,???
könyv,???
könyv,???
könyv,???
könyv,???
könyv,???
könyv,???
könyv,???
könyv,???
könyv,???
könyv,???
könyv,???
könyv,???
könyv,???
könyv,???
könyv,???
könyv,???
könyv,???
könyv,???
könyv,???
könyv,???
könyv,???
könyv,???
könyv,???
könyv,???
könyv,???
könyv,???
könyv,???
könyv,???
könyv,???
könyv,???
könyv,???
könyv,???
könyv,???
könyv,???
könyv,???
könyv,???
könyv,???
könyv,???
könyv,???
könyv,???
könyv,???
könyv,???
könyv,???
könyv,???
könyv,???
könyv,???
könyv,???
könyv,???
könyv,???
könyv,???
könyv,???
könyv,???
könyv,???
könyv,???
könyv,???
könyv,???
könyv,???
könyv,???
könyv,???
könyv,???
könyv,???
könyv,???
könyv,???
könyv,???
könyv,???
könyv,???
könyv,???
könyv,???
könyv,???
könyv,???
könyv,???
könyv,???
könyv,???
könyv,???
könyv,???
könyv,???
könyv,???
könyv,???
könyv,???
könyv,???
könyv,???
könyv,???
könyv,???
könyv,???
könyv,???
könyv,???
könyv,???
könyv,???
könyv,???
könyv,???
könyv,???
könyv,???
könyv,???
könyv,???
könyv,???
könyv,???
könyv,???
könyv,???
könyv,???
könyv,???
könyv,???
könyv,???
könyv,???
könyv,???
könyv,???
könyv,???
könyv,???
könyv,???
könyv,???
könyv,???
könyv,???
könyv,???
könyv,???
könyv,???
könyv,???
könyv,???
könyv,???
könyv,???
könyv,???
könyv,???
könyv,???
könyv,???
könyv,???
könyv,???
könyv,???
könyv,???
könyv,???
könyv,???
könyv,???
könyv,???
könyv,???
könyv,???
könyv,???
könyv,???
könyv,???
könyv,???
könyv,???
könyv,???
könyv,???
könyv,???
könyv,???
könyv,???
könyv,???
könyv,???
könyv,???
könyv,???
könyv,???
könyv,???
könyv,???
könyv,???
könyv,???
könyv,???
könyv,???
könyv,???
könyv,???
könyv,???
könyv,???
könyv,???
könyv,???
könyv,???
könyv,???
könyv,???
könyv,???
könyv,???
könyv,???
könyv,???
könyv,???
könyv,???
könyv,???
könyv,???
könyv,???
könyv,???
könyv,???
könyv,???
könyv,???
könyv,???
könyv,???
könyv,???
könyv,???
könyv,???
könyv,???
könyv,???
könyv,???
könyv,???
könyv,???
könyv,???
könyv,???
könyv,???
könyv,???
könyv,???
könyv,???
könyv,???
könyv,???
könyv,???
könyv,???
könyv,???
könyv,???
könyv,???
könyv,???
könyv,???
könyv,???
könyv,???
könyv,???
könyv,???
könyv,???
könyv,???
könyv,???
könyv,???
könyv,???
könyv,???
könyv,???
könyv,???
könyv,???
könyv,???
könyv,???
könyv,???
könyv,???
könyv,???
könyv,???
könyv,???
könyv,???
könyv,???
könyv,???
könyv,???
könyv,???
könyv,???
könyv,???
könyv,???
könyv,???
könyv,???
könyv,???
könyv,???
könyv,???
könyv,???
könyv,???
könyv,???
könyv,???
könyv,???
könyv,???
könyv,???
könyv,???
könyv,???
könyv,???
könyv,???
könyv,???
könyv,???
könyv,???
könyv,???
könyv,???
könyv,???
könyv,???
könyv,???
könyv,???
könyv,???
könyv,???
könyv,???
könyv,???
könyv,???
könyv,???
könyv,???
könyv,???
könyv,???
könyv,???
könyv,???
könyv,???
könyv,???
könyv,???
könyv,???
könyv,???
könyv,???
könyv,???
könyv,???
könyv,???
könyv,???
könyv,???
könyv,???
könyv,???
könyv,???
könyv,???
könyv,???
könyv,???
könyv,???
könyv,???
könyv,???
könyv,???
könyv,???
könyv,???
könyv,???
könyv,???
könyv,???
könyv,???
könyv,???
könyv,???
könyv,???
könyv,???
könyv,???
könyv,???
könyv,???
könyv,???
könyv,???
könyv,???
könyv,???
könyv,???
könyv,???
könyv,???
könyv,???
könyv,???
könyv,???
könyv,???
könyv,???
könyv,???
könyv,???
könyv,???
könyv,???
könyv,???
könyv,???
könyv,???
könyv,???
könyv,???
könyv,???
könyv,???
könyv,???
könyv,???
könyv,???
könyv,???
könyv,???
könyv,???
könyv,???
könyv,???
könyv,???
könyv,???
könyv,???
könyv,???
könyv,???
könyv,???
könyv,???
könyv,???
könyv,???
könyv,???
könyv,???
könyv,???
könyv,???
könyv,???
könyv,???
könyv,???
könyv,???
könyv,???
könyv,???
könyv,???
könyv,???
könyv,???
könyv,???
könyv,???
könyv,???
könyv,???
könyv,???
könyv,???
könyv,???
könyv,???
könyv,???
könyv,???
könyv,???
könyv,???
könyv,???
könyv,???
könyv,???
könyv,???
könyv,???
könyv,???
könyv,???
könyv,???
könyv,???
könyv,???
könyv,???
könyv,???
könyv,???
könyv,???
könyv,???
könyv,???
könyv,???
könyv,???
könyv,???
könyv,???
könyv,???
könyv,???
könyv,???
könyv,???
könyv,???
könyv,???
könyv,???
könyv,???
könyv,???
könyv,???
könyv,???
könyv,???
könyv,???
könyv,???
könyv,???
könyv,???
könyv,???
könyv,???
könyv,???
könyv,???
könyv,???
könyv,???
könyv,???
könyv,???
könyv,???
könyv,???
könyv,???
könyv,???
könyv,???
könyv,???
könyv,???
könyv,???
könyv,???
könyv,???
könyv,???
könyv,???
könyv,???
könyv,???
könyv,???
könyv,???
könyv,???
könyv,???
könyv,???
könyv,???
könyv,???
könyv,???
könyv,???
könyv,???
könyv,???
könyv,???
könyv,???
könyv,???
könyv,???
könyv,???
könyv,???
könyv,???
könyv,???
könyv,???
könyv,???
könyv,???
könyv,???
könyv,???
könyv,???
könyv,???
könyv,???
könyv,???
könyv,???
könyv,???
könyv,???
könyv,???
könyv,???
könyv,???
könyv,???
könyv,???
könyv,???
könyv,???
könyv,???
könyv,???
könyv,???
könyv,???
könyv,???
könyv,???
könyv,???
könyv,???
könyv,???
könyv,???
könyv,???
könyv,???
könyv,???
könyv,???
könyv,???
könyv,???
könyv,???
könyv,???
könyv,???
könyv,???
könyv,???
könyv,???
könyv,???
könyv,???
könyv,???
könyv,???
könyv,???
könyv,???
könyv,???
könyv,???
könyv,???
könyv,???
könyv,???
könyv,???
könyv,???
könyv,???
könyv,???
könyv,???
könyv,???
könyv,???
könyv,???
könyv,???
könyv,???
könyv,???
könyv,???
könyv,???
könyv,???
könyv,???
könyv,???
könyv,???
könyv,???
könyv,???
könyv,???
könyv,???
könyv,???
könyv,???
könyv,???
könyv,???
könyv,???
könyv,???
könyv,???
könyv,???
könyv,???
könyv,???
könyv,???
könyv,???
könyv,???
könyv,???
könyv,???
könyv,???
könyv,???
könyv,???
könyv,???
könyv,???
könyv,???
könyv,???
könyv,???
könyv,???
könyv,???
könyv,???
könyv,???
könyv,???
könyv,???
könyv,???
könyv,???
könyv,???
könyv,???
könyv,???
könyv,???
könyv,???
könyv,???
könyv,???
könyv,???
könyv,???
könyv,???
könyv,???
könyv,???
könyv,???
könyv,???
könyv,???
könyv,???
könyv,???
könyv,???
könyv,???
könyv,???
könyv,???
könyv,???
könyv,???
könyv,???
könyv,???
könyv,???
könyv,???
könyv,???
könyv,???
könyv,???
könyv,???
könyv,???
könyv,???
könyv,???
könyv,???
könyv,???
könyv,???
könyv,???
könyv,???
könyv,???
könyv,???
könyv,???
könyv,???
könyv,???
könyv,???
könyv,???
könyv,???
könyv,???
könyv,???
könyv,???
könyv,???
könyv,???
könyv,???
könyv,???
könyv,???
könyv,???
könyv,???
könyv,???
könyv,???
könyv,???
könyv,???
könyv,???
könyv,???
könyv,???
könyv,???
könyv,???
könyv,???
könyv,???
könyv,???
könyv,???
könyv,???
könyv,???
könyv,???
könyv,???
könyv,???
könyv,???
könyv,???
könyv,???
könyv,???
könyv,???
könyv,???
könyv,???
könyv,???
könyv,???
könyv,???
könyv,???
könyv,???
könyv,???
könyv,???
könyv,???
könyv,???
könyv,???
könyv,???
könyv,???
könyv,???
könyv,???
könyv,???
könyv,???
könyv,???
könyv,???
könyv,???
könyv,???
könyv,???
könyv,???
könyv,???
könyv,???
könyv,???
könyv,???
könyv,???
könyv,???
könyv,???
könyv,???
könyv,???
könyv,???
könyv,???
könyv,???
könyv,???
könyv,???
könyv,???
könyv,???
könyv,???
könyv,???
könyv,???
könyv,???
könyv,???
könyv,???
könyv,???
könyv,???
könyv,???
könyv,???
könyv,???
könyv,???
könyv,???
könyv,???
könyv,???
könyv,???
könyv,???
könyv,???
könyv,???
könyv,???
könyv,???
könyv,???
könyv,???
könyv,???
könyv,???
könyv,???
könyv,???
könyv,???
könyv,???
könyv,???
könyv,???
könyv,???
könyv,???
könyv,???
könyv,???
könyv,???
könyv,???
könyv,???
könyv,???
könyv,???
könyv,???
könyv,???
könyv,???
könyv,???
könyv,???
könyv,???
könyv,???
könyv,???
könyv,???
könyv,???
könyv,???
könyv,???
könyv,???
könyv,???
könyv,???
könyv,???
könyv,???
könyv,???
könyv,???
könyv,???
könyv,???
könyv,???
könyv,???
könyv,???
könyv,???
könyv,???
könyv,???
könyv,???
könyv,???
könyv,???
könyv,???
könyv,???
könyv,???
könyv,???
könyv,???
könyv,???
könyv,???
könyv,???
könyv,???
könyv,???
könyv,???
könyv,???
könyv,???
könyv,???
könyv,???
könyv,???
könyv,???
könyv,???
könyv,???
könyv,???
könyv,???
könyv,???
könyv,???
könyv,???
könyv,???
könyv,???
könyv,???
könyv,???
könyv,???
könyv,???
könyv,???
könyv,???
könyv,???
könyv,???
könyv,???
könyv,???
könyv,???
könyv,???
könyv,???
könyv,???
könyv,???
könyv,???
könyv,???
könyv,???
könyv,???
könyv,???
könyv,???
könyv,???
könyv,???
könyv,???
könyv,???
könyv,???
könyv,???
könyv,???
könyv,???
könyv,???
könyv,???
könyv,???
könyv,???
könyv,???
könyv,???
könyv,???
könyv,???
könyv,???
könyv,???
könyv,???
könyv,???
könyv,???
könyv,???
könyv,???
könyv,???
könyv,???
könyv,???
könyv,???
könyv,???
könyv,???
könyv,???
könyv,???
könyv,???
könyv,???
könyv,???
könyv,???
könyv,???
könyv,???
könyv,???
könyv,???
könyv,???
könyv,???
könyv,???
könyv,???
könyv,???
könyv,???
könyv,???
könyv,???
könyv,???
könyv,???
könyv,???
könyv,???
könyv,???
könyv,???
könyv,???
könyv,???
könyv,???
könyv,???
könyv,???
könyv,???
könyv,???
könyv,???
könyv,???
könyv,???
könyv,???
könyv,???
könyv,???
könyv,???
könyv,???
könyv,???
könyv,???
könyv,???
könyv,???
könyv,???
könyv,???
könyv,???
könyv,???
könyv,???
könyv,???
könyv,???
könyv,???
könyv,???
könyv,???
könyv,???
könyv,???
könyv,???
könyv,???
könyv,???
könyv,???
könyv,???
könyv,???
könyv,???
könyv,???
könyv,???
könyv,???
könyv,???
könyv,???
könyv,???
könyv,???
könyv,???
könyv,???
könyv,???
könyv,???
könyv,???
könyv,???
könyv,???
könyv,???
könyv,???
könyv,???
könyv,???
könyv,???
könyv,???
könyv,???
könyv,???
könyv,???
könyv,???
könyv,???
könyv,???
könyv,???
könyv,???
könyv,???
könyv,???
könyv,???
könyv,???
könyv,???
könyv,???
könyv,???
könyv,???
könyv,???
könyv,???
könyv,???
könyv,???
könyv,???
könyv,???
könyv,???
könyv,???
könyv,???
könyv,???
könyv,???
könyv,???
könyv,???
könyv,???
könyv,???
könyv,???
könyv,???
könyv,???
könyv,???
könyv,???
könyv,???
könyv,???
könyv,???
könyv,???
könyv,???
könyv,???
könyv,???
könyv,???
könyv,???
könyv,???
könyv,???
könyv,???
könyv,???
könyv,???
könyv,???
könyv,???
könyv,???
könyv,???
könyv,???
könyv,???
könyv,???
könyv,???
könyv,???
könyv,???
könyv,???
könyv,???
könyv,???
könyv,???
könyv,???
könyv,???
könyv,???
könyv,???
könyv,???
könyv,???
könyv,???
könyv,???
könyv,???
könyv,???
könyv,???
könyv,???
könyv,???
könyv,???
könyv,???
könyv,???
könyv,???
könyv,???
könyv,???
könyv,???
könyv,???
könyv,???
könyv,???
könyv,???
könyv,???
könyv,???
könyv,???
könyv,???
könyv,???
könyv,???
könyv,???
könyv,???
könyv,???
könyv,???
könyv,???
könyv,???
könyv,???
könyv,???
könyv,???
könyv,???
könyv,???
könyv,???
könyv,???
könyv,???
könyv,???
könyv,???
könyv,???
könyv,???
könyv,???
könyv,???
könyv,???
könyv,???
könyv,???
könyv,???
könyv,???
könyv,???
könyv,???
könyv,???
könyv,???
könyv,???
könyv,???
könyv,???
könyv,???
könyv,???
könyv,???
könyv,???
könyv,???
könyv,???
könyv,???
könyv,???
könyv,???
könyv,???
könyv,???
könyv,???
könyv,???
könyv,???
könyv,???
könyv,???
könyv,???
könyv,???
könyv,???
könyv,???
könyv,???
könyv,???
könyv,???
könyv,???
könyv,???
könyv,???
könyv,???
könyv,???
könyv,???
könyv,???
könyv,???
könyv,???
könyv,???
könyv,???
könyv,???
könyv,???
könyv,???
könyv,???
könyv,???
könyv,???
könyv,???
könyv,???
könyv,???
könyv,???
könyv,???
könyv,???
könyv,???
könyv,???
könyv,???
könyv,???
könyv,???
könyv,???
könyv,???
könyv,???
könyv,???
könyv,???
könyv,???
könyv,???
könyv,???
könyv,???
könyv,???
könyv,???
könyv,???
könyv,???
könyv,???
könyv,???
térkép,???
könyv,???
könyv,???
könyv,???
könyv,???
könyv,???
könyv,???
könyv,???
könyv,???
könyv,???
könyv,???
könyv,???
könyv,???
könyv,???
könyv,???
könyv,???
könyv,???
könyv,???
könyv,???
könyv,???
könyv,???
könyv,???
könyv,???
könyv,???
könyv,???
könyv,???
könyv,???
könyv,???
könyv,???
könyv,???
könyv,???
könyv,???
könyv,???
könyv,???
könyv,???
könyv,???
könyv,???
könyv,???
könyv,???
könyv,???
könyv,???
könyv,???
könyv,???
könyv,???
könyv,???
könyv,???
könyv,???
könyv,???
könyv,???
könyv,???
könyv,???
könyv,???
könyv,???
könyv,???
könyv,???
könyv,???
könyv,???
könyv,???
könyv,???
könyv,???
könyv,???
könyv,???
könyv,???
könyv,???
könyv,???
könyv,???
könyv,???
könyv,???
könyv,???
könyv,???
könyv,???
könyv,???
könyv,???
könyv,???
könyv,???
könyv,???
könyv,???
könyv,???
könyv,???
könyv,???
könyv,???
könyv,???
könyv,???
könyv,???
könyv,???
könyv,???
könyv,???
könyv,???
könyv,???
könyv,???
könyv,???
könyv,???
könyv,???
könyv,???
könyv,???
könyv,???
könyv,???
könyv,???
könyv,???
könyv,???
könyv,???
könyv,???
könyv,???
könyv,???
könyv,???
könyv,???
könyv,???
könyv,???
könyv,???
könyv,???
könyv,???
könyv,???
könyv,???
könyv,???
könyv,???
könyv,???
könyv,???
könyv,???
könyv,???
könyv,???
könyv,???
könyv,???
könyv,???
könyv,???
könyv,???
könyv,???
könyv,???
könyv,???
könyv,???
könyv,???
könyv,???
könyv,???
könyv,???
könyv,???
könyv,???
könyv,???
könyv,???
könyv,???
könyv,???
könyv,???
könyv,???
könyv,???
könyv,???
könyv,???
könyv,???
könyv,???
könyv,???
könyv,???
könyv,???
könyv,???
könyv,???
könyv,???
könyv,???
könyv,???
könyv,???
könyv,???
könyv,???
könyv,???
könyv,???
könyv,???
könyv,???
könyv,???
könyv,???
könyv,???
könyv,???
könyv,???
könyv,???
könyv,???
könyv,???
könyv,???
könyv,???
könyv,???
könyv,???
könyv,???
könyv,???
könyv,???
könyv,???
könyv,???
könyv,???
könyv,???
könyv,???
könyv,???
könyv,???
könyv,???
könyv,???
könyv,???
könyv,???
könyv,???
könyv,???
könyv,???
könyv,???
könyv,???
könyv,???
könyv,???
könyv,???
könyv,???
könyv,???
könyv,???
könyv,???
könyv,???
könyv,???
könyv,???
könyv,???
könyv,???
könyv,???
könyv,???
könyv,???
könyv,???
könyv,???
könyv,???
könyv,???
könyv,???
könyv,???
könyv,???
könyv,???
könyv,???
könyv,???
könyv,???
könyv,???
könyv,???
könyv,???
könyv,???
könyv,???
könyv,???
könyv,???
könyv,???
könyv,???
könyv,???
könyv,???
könyv,???
könyv,???
könyv,???
könyv,???
könyv,???
könyv,???
könyv,???
könyv,???
könyv,???
könyv,???
könyv,???
könyv,???
könyv,???
könyv,???
könyv,???
könyv,???
könyv,???
könyv,???
könyv,???
könyv,???
könyv,???
könyv,???
könyv,???
könyv,???
könyv,???
könyv,???
könyv,???
könyv,???
könyv,???
könyv,???
könyv,???
könyv,???
könyv,???
könyv,???
könyv,???
könyv,???
könyv,???
könyv,???
könyv,???
könyv,???
könyv,???
könyv,???
könyv,???
könyv,???
könyv,???
könyv,???
könyv,???
könyv,???
könyv,???
könyv,???
könyv,???
könyv,???
könyv,???
könyv,???
könyv,???
könyv,???
könyv,???
könyv,???
könyv,???
könyv,???
könyv,???
könyv,???
könyv,???
könyv,???
könyv,???
könyv,???
könyv,???
könyv,???
könyv,???
könyv,???
könyv,???
könyv,???
könyv,???
könyv,???
könyv,???
könyv,???
könyv,???
könyv,???
könyv,???
könyv,???
könyv,???
könyv,???
könyv,???
könyv,???
könyv,???
könyv,???
könyv,???
könyv,???
könyv,???
könyv,???
könyv,???
könyv,???
könyv,???
könyv,???
könyv,???
könyv,???
könyv,???
könyv,???
könyv,???
könyv,???
könyv,???
könyv,???
könyv,???
könyv,???
könyv,???
könyv,???
könyv,???
könyv,???
könyv,???
könyv,???
könyv,???
könyv,???
könyv,???
könyv,???
könyv,???
könyv,???
könyv,???
könyv,???
könyv,???
könyv,???
könyv,???
könyv,???
könyv,???
könyv,???
könyv,???
könyv,???
könyv,???
könyv,???
könyv,???
könyv,???
könyv,???
könyv,???
könyv,???
könyv,???
könyv,???
könyv,???
könyv,???
könyv,???
könyv,???
könyv,???
könyv,???
könyv,???
könyv,???
könyv,???
könyv,???
könyv,???
könyv,???
könyv,???
könyv,???
könyv,???
könyv,???
könyv,???
könyv,???
könyv,???
könyv,???
könyv,???
könyv,???
könyv,???
könyv,???
könyv,???
könyv,???
könyv,???
könyv,???
könyv,???
könyv,???
könyv,???
könyv,???
könyv,???
könyv,???
könyv,???
könyv,???
könyv,???
könyv,???
könyv,???
könyv,???
könyv,???
könyv,???
könyv,???
könyv,???
könyv,???
könyv,???
könyv,???
könyv,???
könyv,???
könyv,???
könyv,???
könyv,???
könyv,???
könyv,???
könyv,???
könyv,???
könyv,???
könyv,???
könyv,???
könyv,???
könyv,???
könyv,???
könyv,???
könyv,???
könyv,???
könyv,???
könyv,???
könyv,???
könyv,???
könyv,???
könyv,???
könyv,???
könyv,???
könyv,???
könyv,???
könyv,???
könyv,???
könyv,???
könyv,???
könyv,???
könyv,???
könyv,???
könyv,???
könyv,???
könyv,???
könyv,???
könyv,???
könyv,???
könyv,???
könyv,???
könyv,???
könyv,???
könyv,???
könyv,???
könyv,???
könyv,???
könyv,???
könyv,???
könyv,???
könyv,???
könyv,???
könyv,???
könyv,???
könyv,???
könyv,???
könyv,???
könyv,???
könyv,???
könyv,???
könyv,???
könyv,???
könyv,???
könyv,???
könyv,???
könyv,???
könyv,???
könyv,???
könyv,???
könyv,???
könyv,???
könyv,???
könyv,???
könyv,???
könyv,???
könyv,???
könyv,???
könyv,???
könyv,???
könyv,???
könyv,???
könyv,???
könyv,???
könyv,???
könyv,???
könyv,???
könyv,???
könyv,???
könyv,???
könyv,???
könyv,???
könyv,???
könyv,???
könyv,???
könyv,???
könyv,???
könyv,???
könyv,???
könyv,???
könyv,???
könyv,???
könyv,???
könyv,???
könyv,???
könyv,???
könyv,???
könyv,???
könyv,???
könyv,???
könyv,???
könyv,???
könyv,???
könyv,???
könyv,???
könyv,???
könyv,???
könyv,???
könyv,???
könyv,???
könyv,???
könyv,???
könyv,???
könyv,???
könyv,???
könyv,???
könyv,???
könyv,???
könyv,???
könyv,???
könyv,???
könyv,???
könyv,???
könyv,???
könyv,???
könyv,???
könyv,???
könyv,???
könyv,???
könyv,???
könyv,???
könyv,???
könyv,???
könyv,???
könyv,???
könyv,???
könyv,???
könyv,???
könyv,???
könyv,???
könyv,???
könyv,???
könyv,???
könyv,???
könyv,???
könyv,???
könyv,???
könyv,???
könyv,???
könyv,???
könyv,???
könyv,???
könyv,???
könyv,???
könyv,???
könyv,???
könyv,???
könyv,???
könyv,???
könyv,???
könyv,???
könyv,???
könyv,???
könyv,???
könyv,???
könyv,???
könyv,???
könyv,???
könyv,???
könyv,???
könyv,???
könyv,???
könyv,???
könyv,???
könyv,???
könyv,???
könyv,???
könyv,???
könyv,???
könyv,???
könyv,???
könyv,???
könyv,???
könyv,???
könyv,???
könyv,???
könyv,???
könyv,???
könyv,???
könyv,???
könyv,???
könyv,???
könyv,???
könyv,???
könyv,???
könyv,???
könyv,???
könyv,???
könyv,???
könyv,???
könyv,???
könyv,???
könyv,???
könyv,???
könyv,???
könyv,???
könyv,???
könyv,???
könyv,???
könyv,???
könyv,???
könyv,???
könyv,???
könyv,???
könyv,???
könyv,???
könyv,???
könyv,???
könyv,???
könyv,???
könyv,???
könyv,???
könyv,???
könyv,???
könyv,???
könyv,???
könyv,???
könyv,???
könyv,???
könyv,???
könyv,???
könyv,???
könyv,???
könyv,???
könyv,???
könyv,???
könyv,???
könyv,???
könyv,???
könyv,???
könyv,???
könyv,???
könyv,???
könyv,???
könyv,???
könyv,???
könyv,???
könyv,???
könyv,???
könyv,???
könyv,???
könyv,???
könyv,???
könyv,???
könyv,???
könyv,???
könyv,???
könyv,???
könyv,???
könyv,???
könyv,???
könyv,???
könyv,???
könyv,???
könyv,???
könyv,???
könyv,???
könyv,???
könyv,???
könyv,???
könyv,???
könyv,???
könyv,???
könyv,???
könyv,???
könyv,???
könyv,???
könyv,???
könyv,???
könyv,???
könyv,???
könyv,???
könyv,???
könyv,???
könyv,???
könyv,???
könyv,???
könyv,???
könyv,???
könyv,???
könyv,???
könyv,???
könyv,???
könyv,???
könyv,???
könyv,???
könyv,???
könyv,???
könyv,???
könyv,???
könyv,???
könyv,???
könyv,???
könyv,???
könyv,???
könyv,???
könyv,???
könyv,???
könyv,???
könyv,???
könyv,???
könyv,???
könyv,???
könyv,???
könyv,???
könyv,???
könyv,???
könyv,???
könyv,???
könyv,???
könyv,???
könyv,???
könyv,???
könyv,???
könyv,???
könyv,???
könyv,???
könyv,???
könyv,???
könyv,???
könyv,???
könyv,???
könyv,???
könyv,???
könyv,???
könyv,???
könyv,???
könyv,???
könyv,???
könyv,???
könyv,???
könyv,???
könyv,???
könyv,???
könyv,???
könyv,???
könyv,???
könyv,???
könyv,???
könyv,???
könyv,???
könyv,???
könyv,???
könyv,???
könyv,???
könyv,???
könyv,???
könyv,???
könyv,???
könyv,???
könyv,???
könyv,???
könyv,???
könyv,???
könyv,???
könyv,???
könyv,???
könyv,???
könyv,???
könyv,???
könyv,???
könyv,???
könyv,???
könyv,???
könyv,???
könyv,???
könyv,???
könyv,???
könyv,???
könyv,???
könyv,???
könyv,???
könyv,???
könyv,???
könyv,???
könyv,???
könyv,???
könyv,???
könyv,???
könyv,???
könyv,???
könyv,???
könyv,???
könyv,???
könyv,???
könyv,???
könyv,???
könyv,???
könyv,???
könyv,???
könyv,???
könyv,???
könyv,???
könyv,???
könyv,???
könyv,???
könyv,???
könyv,???
könyv,???
könyv,???
könyv,???
könyv,???
könyv,???
könyv,???
könyv,???
könyv,???
könyv,???
könyv,???
könyv,???
könyv,???
könyv,???
könyv,???
könyv,???
könyv,???
könyv,???
könyv,???
könyv,???
könyv,???
könyv,???
könyv,???
könyv,???
könyv,???
könyv,???
könyv,???
könyv,???
könyv,???
könyv,???
könyv,???
könyv,???
könyv,???
könyv,???
könyv,???
könyv,???
könyv,???
könyv,???
könyv,???
könyv,???
könyv,???
könyv,???
könyv,???
könyv,???
könyv,???
könyv,???
könyv,???
könyv,???
könyv,???
könyv,???
könyv,???
könyv,???
könyv,???
könyv,???
könyv,???
könyv,???
könyv,???
könyv,???
könyv,???
könyv,???
könyv,???
könyv,???
könyv,???
könyv,???
könyv,???
könyv,???
könyv,???
könyv,???
könyv,???
könyv,???
könyv,???
könyv,???
könyv,???
könyv,???
könyv,???
könyv,???
könyv,???
könyv,???
könyv,???
könyv,???
könyv,???
könyv,???
könyv,???
könyv,???
könyv,???
könyv,???
könyv,???
könyv,???
könyv,???
könyv,???
könyv,???
könyv,???
könyv,???
könyv,???
könyv,???
könyv,???
könyv,???
könyv,???
könyv,???
könyv,???
könyv,???
könyv,???
könyv,???
könyv,???
könyv,???
könyv,???
könyv,???
könyv,???
könyv,???
könyv,???
könyv,???
könyv,???
könyv,???
könyv,???
könyv,???
könyv,???
könyv,???
könyv,???
könyv,???
könyv,???
könyv,???
könyv,???
könyv,???
könyv,???
könyv,???
könyv,???
könyv,???
könyv,???
könyv,???
könyv,???
könyv,???
könyv,???
könyv,???
könyv,???
könyv,???
könyv,???
könyv,???
könyv,???
könyv,???
könyv,???
könyv,???
könyv,???
könyv,???
könyv,???
könyv,???
könyv,???
könyv,???
könyv,???
könyv,???
könyv,???
könyv,???
könyv,???
könyv,???
könyv,???
könyv,???
könyv,???
könyv,???
könyv,???
könyv,???
könyv,???
könyv,???
könyv,???
könyv,???
könyv,???
könyv,???
könyv,???
könyv,???
könyv,???
könyv,???
könyv,???
könyv,???
könyv,???
könyv,???
könyv,???
könyv,???
könyv,???
könyv,???
könyv,???
könyv,???
könyv,???
könyv,???
könyv,???
könyv,???
könyv,???
könyv,???
könyv,???
könyv,???
könyv,???
könyv,???
könyv,???
könyv,???
könyv,???
könyv,???
könyv,???
könyv,???
könyv,???
könyv,???
könyv,???
könyv,???
könyv,???
könyv,???
könyv,???
könyv,???
könyv,???
könyv,???
könyv,???
könyv,???
könyv,???
könyv,???
könyv,???
könyv,???
könyv,???
könyv,???
könyv,???
könyv,???
könyv,???
könyv,???
könyv,???
könyv,???
könyv,???
könyv,???
könyv,???
könyv,???
könyv,???
könyv,???
könyv,???
könyv,???
könyv,???
könyv,???
könyv,???
könyv,???
könyv,???
könyv,???
könyv,???
könyv,???
könyv,???
könyv,???
könyv,???
könyv,???
könyv,???
könyv,???
könyv,???
könyv,???
könyv,???
könyv,???
könyv,???
könyv,???
könyv,???
könyv,???
könyv,???
könyv,???
könyv,???
könyv,???
könyv,???
könyv,???
könyv,???
könyv,???
könyv,???
könyv,???
könyv,???
könyv,???
könyv,???
könyv,???
könyv,???
könyv,???
könyv,???
könyv,???
könyv,???
könyv,???
könyv,???
könyv,???
könyv,???
könyv,???
könyv,???
könyv,???
könyv,???
könyv,???
könyv,???
könyv,???
könyv,???
könyv,???
könyv,???
könyv,???
könyv,???
könyv,???
könyv,???
könyv,???
könyv,???
könyv,???
könyv,???
könyv,???
könyv,???
könyv,???
könyv,???
könyv,???
könyv,???
könyv,???
könyv,???
könyv,???
könyv,???
könyv,???
könyv,???
könyv,???
könyv,???
könyv,???
könyv,???
könyv,???
könyv,???
könyv,???
könyv,???
könyv,???
könyv,???
könyv,???
könyv,???
könyv,???
könyv,???
könyv,???
könyv,???
könyv,???
könyv,???
könyv,???
könyv,???
könyv,???
könyv,???
könyv,???
könyv,???
könyv,???
könyv,???
könyv,???
könyv,???
könyv,???
könyv,???
könyv,???
könyv,???
könyv,???
könyv,???
könyv,???
könyv,???
könyv,???
könyv,???
könyv,???
könyv,???
könyv,???
könyv,???
könyv,???
könyv,???
könyv,???
könyv,???
könyv,???
könyv,???
könyv,???
könyv,???
könyv,???
könyv,???
könyv,???
könyv,???
könyv,???
DVD,???
DVD,???
DVD,???
DVD,???
DVD,???
DVD,???
DVD,???
DVD,???
DVD,???
DVD,???
DVD,???
DVD,???
DVD,???
DVD,???
DVD,???
DVD,???
DVD,???
DVD,???
DVD,???
DVD,???
DVD,???
DVD,???
DVD,???
DVD,???
DVD,???
DVD,???
DVD,???
DVD,???
DVD,???
DVD,???
DVD,???
DVD,???
magnókazetta,???
magnókazetta,???
magnókazetta,???
magnókazetta,???
magnókazetta,???
CD (hangzó),???
CD-ROM,???
CD-ROM,???
CD (hangzó),???
CD (hangzó),???
CD-ROM,???
CD-ROM,???
CD (hangzó),???
CD (hangzó),???
CD (hangzó),???
CD (hangzó),???
CD (hangzó),???
CD (hangzó),???
CD-ROM,???
CD (hangzó),???
CD (hangzó),???
CD-ROM,???
CD-ROM,???
CD-ROM,???
CD (hangzó),???
CD-ROM,???
DVD,???
CD-ROM,???
CD-ROM,???
videokazetta,???
videokazetta,???
videokazetta,???
videokazetta,???
videokazetta,???
videokazetta,???
videokazetta,???
videokazetta,???
videokazetta,???
videokazetta,???
videokazetta,???
videokazetta,???
videokazetta,???
videokazetta,???
videokazetta,???
videokazetta,???
videokazetta,???
videokazetta,???
videokazetta,???
videokazetta,???
videokazetta,???
könyv,???
videokazetta,???
videokazetta,???
videokazetta,???
videokazetta,???
CD-ROM,???
videokazetta,???
videokazetta,???
videokazetta,???
videokazetta,???
videokazetta,???
videokazetta,???
videokazetta,???
videokazetta,???
videokazetta,???
videokazetta,???
videokazetta,???
videokazetta,???
videokazetta,???
videokazetta,???
videokazetta,???
videokazetta,???
videokazetta,???
videokazetta,???
videokazetta,???
videokazetta,???
videokazetta,???
videokazetta,???
könyv,???
könyv,???
könyv,???
könyv,???
könyv,???
könyv,???
könyv,???
könyv,???
könyv,???
könyv,???
könyv,???
könyv,???
könyv,???
CD (hangzó),???
könyv,???
könyv,???
CD (hangzó),???
CD (hangzó),???
könyv,???
könyv,???
könyv,???
könyv,???
könyv,???
könyv,???
könyv,???
könyv,???
könyv,???
könyv,???
könyv,???
könyv,???
könyv,???
könyv,???
könyv,???
könyv,???
könyv,???
könyv,???
könyv,???
könyv,???
könyv,???
könyv,???
könyv,???
könyv,???
könyv,???
könyv,???
könyv,???
könyv,???
könyv,???
könyv,???
könyv,???
könyv,???
könyv,???
könyv,???
könyv,???
könyv,???
könyv,???
könyv,???
könyv,???
könyv,???
könyv,???
könyv,???
könyv,???
könyv,???
könyv,???
könyv,???
könyv,???
könyv,???
könyv,???
könyv,???
könyv,???
könyv,???
könyv,???
könyv,???
könyv,???
könyv,???
könyv,???
könyv,???
könyv,???
könyv,???
könyv,???
könyv,???
könyv,???
könyv,???
könyv,???
könyv,???
könyv,???
könyv,???
könyv,???
könyv,???
könyv,???
könyv,???
könyv,???
könyv,???
könyv,???
könyv,???
könyv,???
könyv,???
könyv,???
könyv,???
könyv,???
könyv,???
könyv,???
könyv,???
könyv,???
könyv,???
könyv,???
könyv,???
könyv,???
könyv,???
könyv,???
könyv,???
könyv,???
könyv,???
könyv,???
könyv,???
könyv,???
könyv,???
könyv,???
könyv,???
könyv,???
könyv,???
könyv,???
könyv,???
könyv,???
könyv,???
könyv,???
könyv,???
könyv,???
könyv,???
könyv,???
könyv,???
könyv,???
könyv,???
könyv,???
könyv,???
könyv,???
könyv,???
könyv,???
könyv,???
könyv,???
könyv,???
könyv,???
könyv,???
könyv,???
könyv,???
könyv,???
könyv,???
könyv,???
DVD,???
könyv,???
könyv,???
könyv,???
könyv,???
könyv,???
könyv,???
könyv,???
könyv,???
könyv,???
könyv,???
könyv,???
könyv,???
könyv,???
könyv,???
könyv,???
könyv,???
könyv,???
könyv,???
könyv,???
könyv,???
könyv,???
könyv,???
könyv,???
könyv,???
könyv,???
könyv,???
könyv,???
könyv,???
könyv,???
könyv,???
könyv,???
könyv,???
könyv,???
könyv,???
könyv,???
könyv,???
könyv,???
könyv,???
könyv,???
könyv,???
könyv,???
könyv,???
könyv,???
könyv,???
könyv,???
könyv,???
könyv,???
könyv,???
könyv,???
könyv,???
könyv,???
könyv,???
könyv,???
könyv,???
könyv,???
könyv,???
könyv,???
könyv,???
könyv,???
könyv,???
könyv,???
könyv,???
könyv,???
könyv,???
könyv,???
könyv,???
könyv,???
könyv,???
könyv,???
könyv,???
könyv,???
könyv,???
könyv,???
könyv,???
könyv,???
könyv,???
könyv,???
könyv,???
könyv,???
könyv,???
könyv,???
könyv,???
könyv,???
könyv,???
könyv,???
könyv,???
könyv,???
könyv,???
könyv,???
könyv,???
könyv,???
könyv,???
könyv,???
könyv,???
könyv,???
könyv,???
könyv,???
könyv,???
könyv,???
könyv,???
könyv,???
könyv,???
könyv,???
könyv,???
könyv,???
könyv,???
könyv,???
könyv,???
könyv,???
könyv,???
könyv,???
könyv,???
könyv,???
könyv,???
könyv,???
könyv,???
könyv,???
könyv,???
könyv,???
könyv,???
könyv,???
könyv,???
könyv,???
könyv,???
könyv,???
könyv,???
könyv,???
könyv,???
könyv,???
könyv,???
könyv,???
könyv,???
könyv,???
könyv,???
könyv,???
könyv,???
könyv,???
könyv,???
könyv,???
könyv,???
könyv,???
könyv,???
könyv,???
könyv,???
könyv,???
könyv,???
könyv,???
könyv,???
könyv,???
könyv,???
könyv,???
könyv,???
könyv,???
könyv,???
hangoskönyv,???
hangoskönyv,???
könyv,???
könyv,???
könyv,???
könyv,???
könyv,???
könyv,???
könyv,???
könyv,???
könyv,???
könyv,???
könyv,???
könyv,???
könyv,???
könyv,???
könyv,???
könyv,???
könyv,???
könyv,???
könyv,???
könyv,???
könyv,???
könyv,???
könyv,???
könyv,???
könyv,???
könyv,???
könyv,???
könyv,???
könyv,???
könyv,???
könyv,???
könyv,???
könyv,???
könyv,???
könyv,???
könyv,???
könyv,???
könyv,???
könyv,???
könyv,???
könyv,???
könyv,???
könyv,???
könyv,???
könyv,???
könyv,???
könyv,???
könyv,???
könyv,???
könyv,???
könyv,???
könyv,???
könyv,???
könyv,???
könyv,???
könyv,???
könyv,???
könyv,???
könyv,???
könyv,???
könyv,???
könyv,???
könyv,???
könyv,???
könyv,???
könyv,???
könyv,???
könyv,???
könyv,???
könyv,???
könyv,???
könyv,???
könyv,???
könyv,???
könyv,???
könyv,???
könyv,???
könyv,???
könyv,???
könyv,???
könyv,???
könyv,???
könyv,???
könyv,???
könyv,???
könyv,???
könyv,???
könyv,???
könyv,???
könyv,???
könyv,???
könyv,???
könyv,???
könyv,???
könyv,???
könyv,???
könyv,???
könyv,???
könyv,???
könyv,???
könyv,???
könyv,???
könyv,???
könyv,???
könyv,???
könyv,???
könyv,???
könyv,???
könyv,???
könyv,???
könyv,???
könyv,???
könyv,???
könyv,???
könyv,???
könyv,???
könyv,???
könyv,???
könyv,???
könyv,???
könyv,???
könyv,???
könyv,???
könyv,???
könyv,???
könyv,???
könyv,???
könyv,???
könyv,???
könyv,???
könyv,???
könyv,???
könyv,???
könyv,???
könyv,???
könyv,???
könyv,???
könyv,???
könyv,???
könyv,???
könyv,???
könyv,???
könyv,???
könyv,???
könyv,???
könyv,???
könyv,???
könyv,???
könyv,???
könyv,???
könyv,???
könyv,???
könyv,???
könyv,???
könyv,???
könyv,???
könyv,???
könyv,???
könyv,???
könyv,???
könyv,???
könyv,???
könyv,???
könyv,???
könyv,???
könyv,???
könyv,???
könyv,???
könyv,???
könyv,???
könyv,???
könyv,???
könyv,???
könyv,???
könyv,???
könyv,???
könyv,???
könyv,???
könyv,???
könyv,???
könyv,???
könyv,???
könyv,???
könyv,???
könyv,???
könyv,???
könyv,???
könyv,???
könyv,???
könyv,???
könyv,???
könyv,???
könyv,???
CD (hangzó),???
könyv,???
könyv,???
könyv,???
könyv,???
könyv,???
könyv,???
könyv,???
könyv,???
könyv,???
könyv,???
könyv,???
könyv,???
könyv,???
könyv,???
könyv,???
könyv,???
könyv,???
könyv,???
könyv,???
könyv,???
könyv,???
könyv,???
könyv,???
könyv,???
könyv,???
könyv,???
könyv,???
könyv,???
könyv,???
könyv,???
könyv,???
könyv,???
könyv,???
könyv,???
könyv,???
könyv,???
könyv,???
könyv,???
könyv,???
könyv,???
könyv,???
könyv,???
könyv,???
könyv,???
könyv,???
könyv,???
könyv,???
könyv,???
könyv,???
könyv,???
könyv,???
könyv,???
könyv,???
könyv,???
könyv,???
könyv,???
könyv,???
könyv,???
könyv,???
könyv,???
könyv,???
könyv,???
könyv,???
könyv,???
könyv,???
könyv,???
könyv,???
könyv,???
könyv,???
könyv,???
könyv,???
könyv,???
könyv,???
könyv,???
könyv,???
könyv,???
könyv,???
könyv,???
könyv,???
könyv,???
könyv,???
könyv,???
könyv,???
könyv,???
könyv,???
könyv,???
könyv,???
könyv,???
könyv,???
könyv,???
könyv,???
könyv,???
könyv,???
könyv,???
könyv,???
könyv,???
könyv,???
könyv,???
könyv,???
könyv,???
könyv,???
könyv,???
könyv,???
könyv,???
könyv,???
könyv,???
könyv,???
könyv,???
könyv,???
könyv,???
könyv,???
könyv,???
könyv,???
könyv,???
könyv,???
könyv,???
könyv,???
könyv,???
könyv,???
könyv,???
könyv,???
könyv,???
könyv,???
könyv,???
könyv,???
könyv,???
könyv,???
könyv,???
könyv,???
könyv,???
könyv,???
könyv,???
könyv,???
könyv,???
könyv,???
könyv,???
könyv,???
könyv,???
könyv,???
könyv,???
könyv,???
könyv,???
könyv,???
könyv,???
könyv,???
könyv,???
könyv,???
könyv,???
könyv,???
könyv,???
könyv,???
könyv,???
könyv,???
könyv,???
könyv,???
könyv,???
könyv,???
könyv,???
könyv,???
könyv,???
könyv,???
könyv,???
könyv,???
könyv,???
könyv,???
könyv,???
könyv,???
könyv,???
könyv,???
könyv,???
könyv,???
könyv,???
könyv,???
könyv,???
könyv,???
könyv,???
könyv,???
könyv,???
könyv,???
könyv,???
könyv,???
könyv,???
könyv,???
könyv,???
könyv,???
könyv,???
könyv,???
könyv,???
könyv,???
könyv,???
könyv,???
könyv,???
könyv,???
könyv,???
könyv,???
könyv,???
könyv,???
könyv,???
könyv,???
könyv,???
könyv,???
könyv,???
könyv,???
könyv,???
könyv,???
könyv,???
könyv,???
könyv,???
könyv,???
könyv,???
könyv,???
könyv,???
könyv,???
könyv,???
könyv,???
könyv,???
könyv,???
könyv,???
könyv,???
könyv,???
könyv,???
könyv,???
könyv,???
könyv,???
könyv,???
könyv,???
könyv,???
könyv,???
könyv,???
könyv,???
könyv,???
könyv,???
könyv,???
könyv,???
könyv,???
könyv,???
könyv,???
könyv,???
könyv,???
könyv,???
könyv,???
könyv,???
könyv,???
könyv,???
könyv,???
könyv,???
könyv,???
könyv,???
könyv,???
könyv,???
könyv,???
könyv,???
könyv,???
könyv,???
könyv,???
könyv,???
könyv,???
könyv,???
könyv,???
könyv,???
könyv,???
könyv,???
könyv,???
könyv,???
könyv,???
könyv,???
könyv,???
könyv,???
könyv,???
könyv,???
könyv,???
könyv,???
könyv,???
könyv,???
könyv,???
könyv,???
könyv,???
könyv,???
könyv,???
könyv,???
könyv,???
könyv,???
könyv,???
könyv,???
könyv,???
könyv,???
könyv,???
könyv,???
könyv,???
könyv,???
könyv,???
könyv,???
könyv,???
könyv,???
könyv,???
könyv,???
könyv,???
könyv,???
könyv,???
könyv,???
könyv,???
könyv,???
könyv,???
könyv,???
könyv,???
könyv,???
könyv,???
könyv,???
könyv,???
könyv,???
könyv,???
könyv,???
könyv,???
könyv,???
könyv,???
könyv,???
könyv,???
könyv,???
könyv,???
könyv,???
könyv,???
könyv,???
könyv,???
könyv,???
könyv,???
könyv,???
könyv,???
könyv,???
könyv,???
könyv,???
hangoskönyv,???
könyv,???
könyv,???
könyv,???
könyv,???
könyv,???
könyv,???
könyv,???
könyv,???
könyv,???
könyv,???
könyv,???
könyv,???
könyv,???
könyv,???
könyv,???
könyv,???
könyv,???
könyv,???
CD (hangzó),???
könyv,???
könyv,???
hangoskönyv,???
könyv,???
könyv,???
könyv,???
könyv,???
könyv,???
könyv,???
könyv,???
könyv,???
könyv,???
könyv,???
könyv,???
könyv,???
könyv,???
könyv,???
könyv,???
könyv,???
könyv,???
könyv,???
könyv,???
könyv,???
könyv,???
könyv,???
könyv,???
könyv,???
könyv,???
könyv,???
könyv,???
könyv,???
könyv,???
könyv,???
könyv,???
könyv,???
könyv,???
könyv,???
könyv,???
könyv,???
könyv,???
könyv,???
könyv,???
könyv,???
könyv,???
könyv,???
könyv,???
könyv,???
könyv,???
könyv,???
könyv,???
könyv,???
könyv,???
könyv,???
könyv,???
könyv,???
könyv,???
könyv,???
könyv,???
könyv,???
könyv,???
könyv,???
könyv,???
könyv,???
könyv,???
könyv,???
könyv,???
könyv,???
könyv,???
könyv,???
könyv,???
könyv,???
könyv,???
könyv,???
könyv,???
könyv,???
könyv,???
könyv,???
könyv,???
könyv,???
könyv,???
könyv,???
könyv,???
könyv,???
könyv,???
könyv,???
könyv,???
könyv,???
könyv,???
könyv,???
könyv,???
könyv,???
könyv,???
könyv,???
könyv,???
könyv,???
könyv,???
könyv,???
könyv,???
könyv,???
könyv,???
könyv,???
könyv,???
könyv,???
könyv,???
könyv,???
könyv,???
könyv,???
könyv,???
könyv,???
könyv,???
könyv,???
könyv,???
könyv,???
könyv,???
könyv,???
könyv,???
könyv,???
könyv,???
könyv,???
könyv,???
könyv,???
könyv,???
könyv,???
könyv,???
könyv,???
könyv,???
könyv,???
könyv,???
könyv,???
könyv,???
könyv,???
könyv,???
könyv,???
könyv,???
könyv,???
könyv,???
könyv,???
könyv,???
könyv,???
könyv,???
könyv,???
könyv,???
könyv,???
könyv,???
könyv,???
könyv,???
könyv,???
könyv,???
könyv,???
könyv,???
könyv,???
könyv,???
könyv,???
könyv,???
könyv,???
könyv,???
könyv,???
könyv,???
könyv,???
könyv,???
könyv,???
könyv,???
könyv,???
könyv,???
könyv,???
könyv,???
könyv,???
könyv,???
könyv,???
könyv,???
könyv,???
könyv,???
könyv,???
könyv,???
könyv,???
könyv,???
könyv,???
könyv,???
könyv,???
könyv,???
könyv,???
könyv,???
könyv,???
könyv,???
könyv,???
könyv,???
könyv,???
könyv,???
könyv,???
könyv,???
könyv,???
könyv,???
könyv,???
könyv,???
könyv,???
könyv,???
könyv,???
könyv,???
könyv,???
könyv,???
könyv,???
könyv,???
könyv,???
könyv,???
könyv,???
könyv,???
könyv,???
könyv,???
könyv,???
könyv,???
könyv,???
könyv,???
könyv,???
könyv,???
könyv,???
könyv,???
könyv,???
könyv,???
könyv,???
könyv,???
könyv,???
könyv,???
könyv,???
könyv,???
könyv,???
könyv,???
könyv,???
könyv,???
könyv,???
könyv,???
könyv,???
könyv,???
könyv,???
könyv,???
könyv,???
könyv,???
könyv,???
könyv,???
könyv,???
könyv,???
könyv,???
könyv,???
könyv,???
könyv,???
könyv,???
könyv,???
könyv,???
könyv,???
könyv,???
könyv,???
könyv,???
könyv,???
könyv,???
könyv,???
könyv,???
könyv,???
könyv,???
könyv,???
könyv,???
könyv,???
könyv,???
könyv,???
könyv,???
könyv,???
könyv,???
könyv,???
könyv,???
könyv,???
könyv,???
DVD,???
DVD,???
DVD,???
DVD,???
könyv,???
könyv,???
könyv,???
könyv,???
könyv,???
könyv,???
könyv,???
könyv,???
könyv,???
könyv,???
könyv,???
könyv,???
könyv,???
könyv,???
könyv,???
könyv,???
könyv,???
könyv,???
könyv,???
könyv,???
könyv,???
könyv,???
könyv,???
könyv,???
könyv,???
könyv,???
könyv,???
könyv,???
könyv,???
könyv,???
könyv,Felnőtt szépirodalmi
könyv,Felnőtt szépirodalmi
könyv,???
könyv,???
könyv,???
könyv,???
könyv,???
könyv,???
könyv,???
könyv,???
könyv,???
könyv,???
könyv,???
könyv,???
könyv,???
könyv,???
könyv,???
könyv,???
könyv,???
DVD,???
könyv,???
DVD,???
könyv,???
DVD,???
DVD,???
könyv,Felnőtt szépirodalmi
könyv,???
könyv,???
könyv,Gyermekirodalmi (szép- + szak-)
könyv,???
könyv,???
könyv,???
könyv,???
könyv,???
könyv,???
könyv,???
könyv,???
könyv,???
könyv,Felnőtt szépirodalmi
könyv,???
könyv,Gyermekirodalmi (szép- + szak-)
könyv,???
könyv,???
könyv,???
könyv,???
könyv,Gyermekirodalmi (szép- + szak-)
könyv,Felnőtt szakirodalmi
könyv,Felnőtt szakirodalmi
könyv,Gyermekirodalmi (szép- + szak-)
könyv,Gyermekirodalmi (szép- + szak-)
könyv,Felnőtt szépirodalmi
könyv,???
könyv,Felnőtt szakirodalmi
könyv,Felnőtt szakirodalmi
könyv,Felnőtt szépirodalmi
könyv,Felnőtt szakirodalmi
könyv,???
könyv,???
könyv,Felnőtt szépirodalmi
könyv,Felnőtt szépirodalmi
könyv,Felnőtt szépirodalmi
könyv,Felnőtt szépirodalmi
könyv,Felnőtt szépirodalmi
könyv,Felnőtt szépirodalmi
könyv,Felnőtt szépirodalmi
könyv,Gyermekirodalmi (szép- + szak-)
könyv,Gyermekirodalmi (szép- + szak-)
CD (hangzó),Gyermekirodalmi (szép- + szak-)
könyv,Gyermekirodalmi (szép- + szak-)
könyv,Felnőtt szépirodalmi
könyv,Felnőtt szépirodalmi
könyv,Felnőtt szépirodalmi
könyv,Felnőtt szépirodalmi
könyv,Felnőtt szakirodalmi
könyv,Felnőtt szépirodalmi
könyv,Felnőtt szakirodalmi
könyv,Felnőtt szakirodalmi
könyv,Felnőtt szakirodalmi
könyv,Felnőtt szakirodalmi
könyv,Felnőtt szépirodalmi
könyv,Felnőtt szépirodalmi
könyv,Felnőtt szépirodalmi
könyv,Felnőtt szakirodalmi
könyv,Felnőtt szépirodalmi
könyv,Felnőtt szépirodalmi
könyv,Felnőtt szépirodalmi
könyv,Felnőtt szépirodalmi
könyv,Felnőtt szépirodalmi
könyv,Felnőtt szépirodalmi
könyv,Felnőtt szépirodalmi
könyv,Felnőtt szépirodalmi
könyv,Felnőtt szépirodalmi
könyv,Felnőtt szépirodalmi
könyv,Felnőtt szépirodalmi
könyv,Gyermekirodalmi (szép- + szak-)
könyv,Felnőtt szépirodalmi
könyv,Felnőtt szépirodalmi
könyv,Felnőtt szépirodalmi
könyv,Felnőtt szépirodalmi
könyv,Felnőtt szépirodalmi
könyv,Felnőtt szépirodalmi
könyv,Felnőtt szépirodalmi
könyv,Felnőtt szépirodalmi
könyv,Felnőtt szépirodalmi
könyv,Felnőtt szépirodalmi
könyv,Felnőtt szépirodalmi
könyv,Felnőtt szépirodalmi
könyv,Felnőtt szépirodalmi
könyv,Felnőtt szépirodalmi
könyv,Felnőtt szépirodalmi
könyv,Felnőtt szépirodalmi
könyv,Felnőtt szépirodalmi
könyv,Gyermekirodalmi (szép- + szak-)
könyv,Gyermekirodalmi (szép- + szak-)
könyv,Felnőtt szépirodalmi
könyv,Felnőtt szépirodalmi
könyv,Felnőtt szépirodalmi
könyv,Gyermekirodalmi (szép- + szak-)
könyv,Felnőtt szépirodalmi
könyv,Felnőtt szépirodalmi
könyv,Felnőtt szépirodalmi
könyv,Felnőtt szépirodalmi
könyv,Felnőtt szépirodalmi
könyv,Felnőtt szakirodalmi
könyv,Felnőtt szakirodalmi
könyv,Gyermekirodalmi (szép- + szak-)
könyv,Felnőtt szakirodalmi
könyv,Felnőtt szakirodalmi
könyv,Felnőtt szépirodalmi
könyv,Felnőtt szépirodalmi
könyv,Felnőtt szépirodalmi
könyv,Felnőtt szakirodalmi
könyv,Felnőtt szakirodalmi
könyv,Felnőtt szépirodalmi
könyv,Felnőtt szépirodalmi
könyv,Felnőtt szépirodalmi
könyv,Felnőtt szépirodalmi
könyv,Felnőtt szépirodalmi
könyv,Felnőtt szakirodalmi
könyv,Felnőtt szakirodalmi
könyv,Gyermekirodalmi (szép- + szak-)
könyv,Felnőtt szépirodalmi
könyv,Gyermekirodalmi (szép- + szak-)
könyv,Felnőtt szépirodalmi
könyv,Felnőtt szépirodalmi
könyv,Felnőtt szépirodalmi
könyv,Felnőtt szépirodalmi
könyv,Gyermekirodalmi (szép- + szak-)
könyv,Gyermekirodalmi (szép- + szak-)
könyv,Gyermekirodalmi (szép- + szak-)
könyv,Gyermekirodalmi (szép- + szak-)
könyv,Felnőtt szakirodalmi
könyv,Felnőtt szépirodalmi
könyv,Gyermekirodalmi (szép- + szak-)
könyv,Felnőtt szépirodalmi
könyv,Felnőtt szépirodalmi
könyv,Gyermekirodalmi (szép- + szak-)
könyv,Felnőtt szépirodalmi
könyv,Felnőtt szépirodalmi
könyv,Felnőtt szakirodalmi
könyv,Felnőtt szépirodalmi
könyv,Felnőtt szépirodalmi
könyv,Felnőtt szépirodalmi
könyv,Felnőtt szakirodalmi
könyv,Felnőtt szépirodalmi
könyv,Felnőtt szépirodalmi
könyv,Gyermekirodalmi (szép- + szak-)
könyv,Felnőtt szépirodalmi
könyv,Felnőtt szakirodalmi
könyv,Gyermekirodalmi (szép- + szak-)
könyv,Felnőtt szépirodalmi
könyv,Felnőtt szépirodalmi
DVD,Felnőtt szakirodalmi
könyv,Felnőtt szakirodalmi
könyv,Felnőtt szépirodalmi
könyv,Felnőtt szépirodalmi
könyv,Felnőtt szépirodalmi
könyv,Felnőtt szépirodalmi
könyv,Felnőtt szépirodalmi
könyv,Felnőtt szépirodalmi
könyv,Felnőtt szépirodalmi
könyv,Felnőtt szépirodalmi
könyv,Felnőtt szépirodalmi
könyv,Felnőtt szépirodalmi
könyv,Gyermekirodalmi (szép- + szak-)
könyv,Felnőtt szépirodalmi
könyv,Gyermekirodalmi (szép- + szak-)
könyv,Gyermekirodalmi (szép- + szak-)
könyv,Gyermekirodalmi (szép- + szak-)
könyv,Gyermekirodalmi (szép- + szak-)
könyv,Gyermekirodalmi (szép- + szak-)
könyv,Gyermekirodalmi (szép- + szak-)
könyv,Felnőtt szakirodalmi
könyv,Gyermekirodalmi (szép- + szak-)
könyv,Gyermekirodalmi (szép- + szak-)
könyv,Felnőtt szépirodalmi
könyv,Gyermekirodalmi (szép- + szak-)
könyv,Felnőtt szépirodalmi
könyv,Felnőtt szakirodalmi
könyv,Felnőtt szépirodalmi
könyv,Gyermekirodalmi (szép- + szak-)
könyv,Felnőtt szépirodalmi
könyv,Gyermekirodalmi (szép- + szak-)
könyv,Felnőtt szépirodalmi
könyv,Felnőtt szépirodalmi
könyv,Felnőtt szépirodalmi
könyv,Felnőtt szakirodalmi
könyv,Felnőtt szépirodalmi
könyv,Felnőtt szépirodalmi
könyv,Felnőtt szépirodalmi
könyv,Felnőtt szakirodalmi
könyv,Gyermekirodalmi (szép- + szak-)
könyv,Gyermekirodalmi (szép- + szak-)
könyv,Felnőtt szakirodalmi
könyv,Gyermekirodalmi (szép- + szak-)
könyv,Felnőtt szépirodalmi
könyv,Gyermekirodalmi (szép- + szak-)
könyv,Felnőtt szépirodalmi
könyv,Felnőtt szépirodalmi
könyv,Felnőtt szépirodalmi
könyv,Gyermekirodalmi (szép- + szak-)
könyv,Gyermekirodalmi (szép- + szak-)
könyv,Felnőtt szakirodalmi
könyv,Felnőtt szakirodalmi
könyv,Gyermekirodalmi (szép- + szak-)
könyv,Gyermekirodalmi (szép- + szak-)
könyv,Felnőtt szépirodalmi
könyv,Gyermekirodalmi (szép- + szak-)
könyv,Felnőtt szakirodalmi
könyv,Felnőtt szépirodalmi
könyv,Gyermekirodalmi (szép- + szak-)
könyv,Felnőtt szépirodalmi
hangoskönyv,Felnőtt szépirodalmi
hangoskönyv,Gyermekirodalmi (szép- + szak-)
hangoskönyv,Felnőtt szépirodalmi
hangoskönyv,Felnőtt szépirodalmi
hangoskönyv,Felnőtt szépirodalmi
hangoskönyv,Felnőtt szépirodalmi
könyv,Gyermekirodalmi (szép- + szak-)
hangoskönyv,Felnőtt szépirodalmi
hangoskönyv,Felnőtt szépirodalmi
hangoskönyv,Felnőtt szépirodalmi
hangoskönyv,Gyermekirodalmi (szép- + szak-)
könyv,Felnőtt szépirodalmi
hangoskönyv,Felnőtt szépirodalmi
hangoskönyv,Felnőtt szépirodalmi
könyv,Felnőtt szakirodalmi
hangoskönyv,Felnőtt szépirodalmi
hangoskönyv,Felnőtt szépirodalmi
könyv,Felnőtt szépirodalmi
könyv,Felnőtt szépirodalmi
könyv,Felnőtt szépirodalmi
könyv,Felnőtt szépirodalmi
könyv,Felnőtt szakirodalmi
könyv,Gyermekirodalmi (szép- + szak-)
könyv,Felnőtt szakirodalmi
könyv,Felnőtt szépirodalmi
könyv,Felnőtt szépirodalmi
könyv,Felnőtt szépirodalmi
könyv,Felnőtt szépirodalmi
könyv,Gyermekirodalmi (szép- + szak-)
könyv,Felnőtt szépirodalmi
könyv,Felnőtt szakirodalmi
könyv,Felnőtt szépirodalmi
könyv,Gyermekirodalmi (szép- + szak-)
könyv,Felnőtt szépirodalmi
könyv,Gyermekirodalmi (szép- + szak-)
könyv,Gyermekirodalmi (szép- + szak-)
könyv,Felnőtt szépirodalmi
könyv,Gyermekirodalmi (szép- + szak-)
könyv,Felnőtt szakirodalmi
könyv,Felnőtt szakirodalmi
könyv,Felnőtt szépirodalmi
könyv,Felnőtt szépirodalmi
könyv,Felnőtt szépirodalmi
könyv,Felnőtt szépirodalmi
könyv,Felnőtt szépirodalmi
könyv,Felnőtt szépirodalmi
könyv,Felnőtt szépirodalmi
könyv,Felnőtt szépirodalmi
könyv,Felnőtt szépirodalmi
könyv,Gyermekirodalmi (szép- + szak-)
könyv,Gyermekirodalmi (szép- + szak-)
könyv,Gyermekirodalmi (szép- + szak-)
könyv,Gyermekirodalmi (szép- + szak-)
könyv,Gyermekirodalmi (szép- + szak-)
könyv,Felnőtt szakirodalmi
könyv,Felnőtt szépirodalmi
könyv,Gyermekirodalmi (szép- + szak-)
könyv,Felnőtt szépirodalmi
könyv,Felnőtt szépirodalmi
könyv,Felnőtt szépirodalmi
könyv,Felnőtt szépirodalmi
könyv,Felnőtt szépirodalmi
könyv,Felnőtt szépirodalmi
könyv,Felnőtt szépirodalmi
könyv,Felnőtt szépirodalmi
könyv,Felnőtt szakirodalmi
hangoskönyv,Gyermekirodalmi (szép- + szak-)
hangoskönyv,Gyermekirodalmi (szép- + szak-)
könyv,Felnőtt szépirodalmi
könyv,Felnőtt szakirodalmi
könyv,Felnőtt szépirodalmi
könyv,Felnőtt szépirodalmi
könyv,Felnőtt szépirodalmi
könyv,Felnőtt szépirodalmi
könyv,Felnőtt szépirodalmi
könyv,Felnőtt szépirodalmi
könyv,Felnőtt szépirodalmi
könyv,Felnőtt szépirodalmi
könyv,Felnőtt szépirodalmi
könyv,Felnőtt szépirodalmi
könyv,Felnőtt szépirodalmi
könyv,Felnőtt szépirodalmi
könyv,Felnőtt szépirodalmi
könyv,Felnőtt szépirodalmi
könyv,Felnőtt szépirodalmi
könyv,Felnőtt szakirodalmi
könyv,Felnőtt szépirodalmi
könyv,Felnőtt szakirodalmi
könyv,Gyermekirodalmi (szép- + szak-)
könyv,Gyermekirodalmi (szép- + szak-)
könyv,Gyermekirodalmi (szép- + szak-)
könyv,Gyermekirodalmi (szép- + szak-)
könyv,Felnőtt szépirodalmi
könyv,Felnőtt szépirodalmi
könyv,Felnőtt szépirodalmi
könyv,Felnőtt szépirodalmi
könyv,Felnőtt szépirodalmi
könyv,Gyermekirodalmi (szép- + szak-)
könyv,Felnőtt szépirodalmi
könyv,Felnőtt szépirodalmi
könyv,Felnőtt szépirodalmi
könyv,Felnőtt szépirodalmi
könyv,Felnőtt szépirodalmi
könyv,Gyermekirodalmi (szép- + szak-)
könyv,Felnőtt szépirodalmi
könyv,Felnőtt szépirodalmi
könyv,Felnőtt szépirodalmi
könyv,Felnőtt szakirodalmi
könyv,Felnőtt szakirodalmi
könyv,Felnőtt szépirodalmi